seed,low_median_f0_hz,final_median_f0_hz,low_target_error_semitones,final_target_error_semitones,low_voiced_frame_ratio,final_voiced_frame_ratio,low_source_duration_seconds,final_source_duration_seconds,low_generation_seconds,final_generation_seconds,low_wav_path,final_wav_path
184568213,216.231982,226.161125,2.308079,1.530827,0.559068,0.552413,4.24,4.24,0.501794,1.387625,audio/seed-184568213-low-4steps.wav,audio/seed-184568213-final-40steps.wav
184568214,276.481512,278.912433,1.947158,2.098709,0.482529,0.582363,4.24,4.24,0.460197,1.388582,audio/seed-184568214-low-4steps.wav,audio/seed-184568214-final-40steps.wav
184568215,305.616484,265.187704,3.68163,1.225128,0.592346,0.579035,4.24,4.24,0.461011,1.389281,audio/seed-184568215-low-4steps.wav,audio/seed-184568215-final-40steps.wav
184568216,272.192655,276.974021,1.6765,1.97797,0.765391,0.592346,4.24,4.24,0.46463,1.386333,audio/seed-184568216-low-4steps.wav,audio/seed-184568216-final-40steps.wav
184568217,319.127053,261.80634,4.430533,1.002962,0.364393,0.512479,4.24,4.24,0.454903,1.384942,audio/seed-184568217-low-4steps.wav,audio/seed-184568217-final-40steps.wav
184568218,227.259478,270.356608,1.446953,1.559325,0.251248,0.312812,4.24,4.24,0.45437,1.384057,audio/seed-184568218-low-4steps.wav,audio/seed-184568218-final-40steps.wav
184568219,296.00727,290.414069,3.128553,2.798298,0.419301,0.537438,4.24,4.24,0.461588,1.394256,audio/seed-184568219-low-4steps.wav,audio/seed-184568219-final-40steps.wav
184568220,277.121798,285.847906,1.987204,2.523935,0.650582,0.459235,4.24,4.24,0.475777,1.383056,audio/seed-184568220-low-4steps.wav,audio/seed-184568220-final-40steps.wav
184568221,246.739073,238.495824,0.023204,0.61147,0.603993,0.592346,4.24,4.24,0.463004,1.392499,audio/seed-184568221-low-4steps.wav,audio/seed-184568221-final-40steps.wav
184568222,273.223909,272.927112,1.741967,1.72315,0.507488,0.469218,4.24,4.24,0.469291,1.392959,audio/seed-184568222-low-4steps.wav,audio/seed-184568222-final-40steps.wav
